<?xml version="1.0" encoding="UTF-8"?>
<server description="new server">

    <!-- Enable features -->
    <featureManager>
         <feature>webProfile-7.0</feature>
         <feature>eXtremeScale.client-1.1</feature>
    </featureManager>

    <!-- To access this server from a remote client add a host attribute to the following element, e.g. host="*" -->
    <httpEndpoint id="defaultHttpEndpoint"
                  httpPort="9080"
                  httpsPort="9443"
                  host="0.0.0.0"/>
                  
    <!-- Automatically expand WAR files and EAR files -->
    <applicationManager autoExpand="true"/>

    <xsBindings>
       <xsGrid jndiName="wxs/acmeair" gridName="AcmeGrid"/>
    </xsBindings>
    <xsClientDomain default="dev">
      <endpointConfig> dev ; 0.0.0.0:2809 </endpointConfig>
    </xsClientDomain>

    <jndiEntry jndiName="com/acmeair/repository/type" value="wxs"/>

</server>
