<?xml version="1.0" encoding="UTF-8"?>
<beans xmlns="http://www.springframework.org/schema/beans"
       xmlns:xsi="http://www.w3.org/2001/XMLSchema-instance"
       xmlns:context="http://www.springframework.org/schema/context"
       xmlns:aop="http://www.springframework.org/schema/aop"
       xmlns:tx="http://www.springframework.org/schema/tx"
       xsi:schemaLocation="http://www.springframework.org/schema/context http://www.springframework.org/schema/context/spring-context-3.0.xsd
           http://www.springframework.org/schema/beans http://www.springframework.org/schema/beans/spring-beans-3.1.xsd
           http://www.springframework.org/schema/tx http://www.springframework.org/schema/tx/spring-tx-3.1.xsd
       	   http://www.springframework.org/schema/aop http://www.springframework.org/schema/aop/spring-aop-3.1.xsd">
       	   
   <context:property-placeholder location="classpath:/acmeair-mongo.properties"/>
       	   
	<bean id="mongoOptions" class="com.mongodb.MongoOptions">
		<property name="fsync" value="${mongo.fsync}" />
		<property name="w" value="${mongo.w}" />
		<property name="connectionsPerHost" value="${mongo.connectionsPerHost}" />
		<property name="threadsAllowedToBlockForConnectionMultiplier" value="${mongo.threadsAllowedToBlockForConnectionMultiplier}" />
		<!-- property name="socketKeepAlive" value="true" /-->
		<!--property name="maxWaitTime" value="2000" /-->
	</bean>
	
    <bean id="mongoServerAddress" class ="com.mongodb.ServerAddress">
		<constructor-arg value="${mongo.host}" type="java.lang.String"/>
		<constructor-arg value="${mongo.port}" type="int"/>
    </bean>
    
	<bean id="mongo" class="com.mongodb.Mongo">
		<constructor-arg ref="mongoServerAddress" type="com.mongodb.ServerAddress"/>
		<constructor-arg ref="mongoOptions" type="com.mongodb.MongoOptions"/>
	</bean>

	<bean id="morphia" class="com.github.jmkgreen.morphia.Morphia"/> 

	<bean id="localDatastore" factory-bean="morphia" factory-method="createDatastore"> 
		<constructor-arg ref="mongo"/> 
		<constructor-arg value="${mongo.database}"/> 
	</bean> 
    
	<bean id="datastore"  class="com.acmeair.morphia.DatastoreFactory"  factory-method="getDatastore">
		<constructor-arg type="com.github.jmkgreen.morphia.Datastore" ref="localDatastore"/> 
	</bean> 
       	   
</beans>