<?xml version="1.0" encoding="UTF-8"?>
<objectGridConfig 
	xmlns:xsi="http://www.w3.org/2001/XMLSchema-instance" 
	xsi:schemaLocation="http://ibm.com/ws/objectgrid/config ../objectGrid.xsd"
	xmlns="http://ibm.com/ws/objectgrid/config">

<!-- This file is an example ObjectGrid descriptor file for starting grid container
     servers when interoperating with clients or other container servers from WebSphere
     eXtreme Scale version 8.5 or previous.
     
     It is recommended that this file be copied to a separate location for use.  
     
     Although this file can be used “as-is”, the following are occasionally 
     changed or have significant importance:  
     
     objectGrid name and backingMap name:
     These values in this file do not directly correspond to the dynamic cache instance name 
     configured for the WebSphere Application Server's cache instance and typically do not
     need to be changed.  If, however, these values are changed, then corresponding 
     custom properties must be added to the configuration of the dynamic cache instance .
      
     copyMode:
     This backingMap property is set to COPY_ON_READ_AND_COMMIT.   This value should not be changed.
     
     lockStrategy:
     This backingMap property is set to PESSIMISTIC.  This value should not be changed.
     
     backingMapPluginCollections:
     The MapIndexPlugins, Evictor, and Object Transformer are mandatory items for dynamic caching and must not be removed.

     -->

	<objectGrids>
		<objectGrid name="DYNACACHE_REMOTE" txTimeout="30">
		 
			<backingMap name="IBM_DC_PARTITIONED_.*" template="true" readOnly="false" pluginCollectionRef="all" preloadMode="false" 
				lockStrategy="PESSIMISTIC" copyMode="COPY_ON_READ_AND_COMMIT" ttlEvictorType="NONE" 
				nullValuesSupported="false" />
				
		</objectGrid>
	</objectGrids>

	<backingMapPluginCollections>  
		
		<backingMapPluginCollection id="all"> 
			<bean id="MapIndexPlugin" className="com.ibm.websphere.objectgrid.plugins.index.HashIndex"> 
				<property name="Name" type="java.lang.String" value="DEPENDENCY_ID_INDEX" description="index name" />
				<property name="RangeIndex" type="boolean" value="false" description="this is not a range index" /> 
				<property name="POJOKeyIndex" type="boolean" value="false" description="index based off a key" /> 
				<property name="AttributeName" type="java.lang.String" value="Dependencies" description="attribute name" />			
			</bean>
			<bean id="MapIndexPlugin" className="com.ibm.websphere.objectgrid.plugins.index.HashIndex"> 
				<property name="Name" type="java.lang.String" value="TEMPLATE_INDEX" description="index name" />
				<property name="RangeIndex" type="boolean" value="false" description="this is not a range index" /> 
				<property name="POJOKeyIndex" type="boolean" value="false" description="index based off a key" /> 
				<property name="AttributeName" type="java.lang.String" value="TemplateSet" description="attribute name" />			
			</bean>
			<bean id="ObjectTransformer" className="com.ibm.ws.objectgrid.dynacache.entries.CacheEntryData$Transformer" />
			<bean id="Evictor" className="com.ibm.ws.objectgrid.dynacache.evictors.DistributedDynacacheEvictor"/>
			<bean id="Loader" className="com.ibm.ws.objectgrid.dynacache.DynacacheLoader"/>                        
		</backingMapPluginCollection>

	</backingMapPluginCollections>

</objectGridConfig>