<!-- ***************************************************************************
* Copyright (c) 2013 IBM Corp.
*
* Licensed under the Apache License, Version 2.0 (the "License");
* you may not use this file except in compliance with the License.
* You may obtain a copy of the License at
*
*    http://www.apache.org/licenses/LICENSE-2.0
*
* Unless required by applicable law or agreed to in writing, software
* distributed under the License is distributed on an "AS IS" BASIS,
* WITHOUT WARRANTIES OR CONDITIONS OF ANY KIND, either express or implied.
* See the License for the specific language governing permissions and
* limitations under the License.
**************************************************************************** -->
<deploymentPolicy xmlns:xsi="http://www.w3.org/2001/XMLSchema-instance"
 xsi:schemaLocation="http://ibm.com/ws/objectgrid/deploymentPolicy ../deploymentPolicy.xsd"
 xmlns="http://ibm.com/ws/objectgrid/deploymentPolicy">
    <objectgridDeployment objectgridName="AcmeGrid">
        <mapSet name="mapSet" numberOfPartitions="13" minSyncReplicas="0" maxSyncReplicas="0" developmentMode="false" >
            <map ref="AirportCodeMapping"/>
            <map ref="Booking"/>
            <map ref="Customer"/>
            <map ref="CustomerSession"/>
            <map ref="Flight"/>
            <map ref="FlightSegment"/>
        </mapSet>
    </objectgridDeployment>
</deploymentPolicy>
