<?xml version="1.0" encoding="UTF-8"?>
<!-- ***************************************************************************
* Copyright (c) 2013 IBM Corp.
*
* Licensed under the Apache License, Version 2.0 (the "License");
* you may not use this file except in compliance with the License.
* You may obtain a copy of the License at
*
*    http://www.apache.org/licenses/LICENSE-2.0
*
* Unless required by applicable law or agreed to in writing, software
* distributed under the License is distributed on an "AS IS" BASIS,
* WITHOUT WARRANTIES OR CONDITIONS OF ANY KIND, either express or implied.
* See the License for the specific language governing permissions and
* limitations under the License.
**************************************************************************** -->

<objectGridConfig xmlns:xsi="http://www.w3.org/2001/XMLSchema-instance"
 xsi:schemaLocation="http://ibm.com/ws/objectgrid/config ../objectGrid.xsd"
 xmlns="http://ibm.com/ws/objectgrid/config">

    <objectGrids>
        <objectGrid name="AcmeGrid">
            <backingMap name="AirportCodeMapping" copyMode="COPY_TO_BYTES" />
            <backingMap name="Booking" copyMode="COPY_TO_BYTES" />
            <backingMap name="Customer" copyMode="COPY_TO_BYTES" />
            <backingMap name="CustomerSession" copyMode="COPY_TO_BYTES" />
            <backingMap name="Flight" copyMode="COPY_TO_BYTES" />
            <backingMap name="FlightSegment" copyMode="COPY_TO_BYTES" />
            
	        <querySchema>
				<mapSchemas>
					<mapSchema mapName="AirportCodeMapping" valueClass="com.acmeair.wxs.entities.AirportCodeMappingImpl" primaryKeyField="airportCode" accessType="PROPERTY"/>
					<mapSchema mapName="Booking" valueClass="com.acmeair.wxs.entities.BookingImpl" primaryKeyField="pkey" accessType="PROPERTY"/>
					<mapSchema mapName="Customer" valueClass="com.acmeair.wxs.entities.CustomerImpl" primaryKeyField="username" accessType="PROPERTY"/> 
					<mapSchema mapName="CustomerSession" valueClass="com.acmeair.wxs.entities.CustomerSessionImpl" primaryKeyField="id" accessType="PROPERTY"/>
					<mapSchema mapName="Flight" valueClass="com.acmeair.wxs.entities.FlightImpl" primaryKeyField="pkey" accessType="PROPERTY"/>
					<mapSchema mapName="FlightSegment" valueClass="com.acmeair.wxs.entities.FlightSegmentImpl" primaryKeyField="flightName" accessType="PROPERTY"/>
				</mapSchemas>
			</querySchema>	
        </objectGrid>
    </objectGrids>
</objectGridConfig>
