<!-- ***************************************************************************
* Copyright (c) 2013 IBM Corp.
*
* Licensed under the Apache License, Version 2.0 (the "License");
* you may not use this file except in compliance with the License.
* You may obtain a copy of the License at
*
*    http://www.apache.org/licenses/LICENSE-2.0
*
* Unless required by applicable law or agreed to in writing, software
* distributed under the License is distributed on an "AS IS" BASIS,
* WITHOUT WARRANTIES OR CONDITIONS OF ANY KIND, either express or implied.
* See the License for the specific language governing permissions and
* limitations under the License.
**************************************************************************** -->
<beans xmlns="http://www.springframework.org/schema/beans"
	xmlns:xsi="http://www.w3.org/2001/XMLSchema-instance" xmlns:context="http://www.springframework.org/schema/context"
	xmlns:aop="http://www.springframework.org/schema/aop" xmlns:tx="http://www.springframework.org/schema/tx"
	xsi:schemaLocation="http://www.springframework.org/schema/context http://www.springframework.org/schema/context/spring-context-3.0.xsd
           http://www.springframework.org/schema/beans http://www.springframework.org/schema/beans/spring-beans-3.1.xsd
           http://www.springframework.org/schema/tx http://www.springframework.org/schema/tx/spring-tx-3.1.xsd
       	   http://www.springframework.org/schema/aop http://www.springframework.org/schema/aop/spring-aop-3.1.xsd">

	<!-- creating WXS grid session manager bean, which can return objectGrid 
		or session -->
	<bean id="sessionManager" class="com.acmeair.wxs.utils.WXSSessionManager">
		<property name="gridName" value="AcmeGrid" />
		<property name="gridConnectString" value="127.0.0.1:2809" />
		<!--property name = "integrateWithWASTransactions" value= "true" / -->
		<property name="disableNearCacheNameString"	value="Flight,FlightSegment,AirportCodeMapping,CustomerSession,Booking,Customer" />
		<property name="partitionFieldNameString" value="Flight:pk.flightSegmentId,FlightSegment:originPort,Booking:pk.customerId" />
		<property name="txManager" ref="transactionManager" />
	</bean>


	<!-- The following is to enbable Spring TX to WXS -->
	<aop:aspectj-autoproxy />
	<tx:annotation-driven transaction-manager="transactionManager" />

	<bean id="transactionManager"
		class="com.ibm.websphere.objectgrid.spring.ObjectGridSpringFactory"
		factory-method="getLocalPlatformTransactionManager" />
</beans>