<?xml version="1.0" encoding="UTF-8"?>

<!-- ***************************************************************************
* Copyright (c) 2013 IBM Corp.
*
* Licensed under the Apache License, Version 2.0 (the "License");
* you may not use this file except in compliance with the License.
* You may obtain a copy of the License at
*
*    http://www.apache.org/licenses/LICENSE-2.0
*
* Unless required by applicable law or agreed to in writing, software
* distributed under the License is distributed on an "AS IS" BASIS,
* WITHOUT WARRANTIES OR CONDITIONS OF ANY KIND, either express or implied.
* See the License for the specific language governing permissions and
* limitations under the License.
**************************************************************************** -->

<!-- Attribute "id" must be identical to application folder name -->
<application id="CustomerApp" platformVersion="6.0.0"
	xmlns="http://www.worklight.com/application-descriptor" 
	xmlns:xsi="http://www.w3.org/2001/XMLSchema-instance">

	<displayName>Acme Air Customer Application</displayName>
	<description>A sample application for performance testing of light weight app servers, partionable data storage, Web 2.0 and mobile on the cloud.</description>
	<author>
		<name>application's author</name>
		<email>application author's e-mail</email>
		<copyright>IBM</copyright>
		<homepage>http://www.ibm.com</homepage>
	</author>
	<mainFile>CustomerApp.html</mainFile>
	<thumbnailImage>common/images/thumbnail.png</thumbnailImage> 
	<features>
	</features>
</application>
